timeStamp,elapsed,label,responseCode,responseMessage,threadName,dataType,success,failureMessage,bytes,sentBytes,grpThreads,allThreads,URL,Latency,IdleTime,Connect
1686197373041,601,http://159.89.38.11/login/submit,419,unknown status,Thread Group 1-1,text,false,,554,496,1,1,http://159.89.38.11/login/submit,588,0,285
1686197384944,288,http://159.89.38.11/login/submit,419,unknown status,Thread Group 1-1,text,false,,556,496,1,1,http://159.89.38.11/login/submit,288,0,0
1686197396946,300,http://159.89.38.11/login/submit,419,unknown status,Thread Group 1-1,text,false,,560,496,1,1,http://159.89.38.11/login/submit,299,0,0
1686197408942,280,http://159.89.38.11/login/submit,419,unknown status,Thread Group 1-1,text,false,,556,496,1,1,http://159.89.38.11/login/submit,280,0,0
1686197420943,280,http://159.89.38.11/login/submit,419,unknown status,Thread Group 1-1,text,false,,560,496,1,1,http://159.89.38.11/login/submit,280,0,0
1686197432944,283,http://159.89.38.11/login/submit,419,unknown status,Thread Group 1-1,text,false,,554,496,1,1,http://159.89.38.11/login/submit,283,0,0
1686197444943,590,http://159.89.38.11/login/submit,419,unknown status,Thread Group 1-1,text,false,,556,496,1,1,http://159.89.38.11/login/submit,590,0,282
1686197456944,311,http://159.89.38.11/login/submit,419,unknown status,Thread Group 1-1,text,false,,554,496,1,1,http://159.89.38.11/login/submit,311,0,0
1686197468943,308,http://159.89.38.11/login/submit,419,unknown status,Thread Group 1-1,text,false,,554,496,1,1,http://159.89.38.11/login/submit,308,0,0
1686197480944,320,http://159.89.38.11/login/submit,419,unknown status,Thread Group 1-1,text,false,,552,496,1,1,http://159.89.38.11/login/submit,320,0,0
1686197492946,318,http://159.89.38.11/login/submit,419,unknown status,Thread Group 1-1,text,false,,552,496,1,1,http://159.89.38.11/login/submit,318,0,0
1686197504945,570,http://159.89.38.11/login/submit,419,unknown status,Thread Group 1-1,text,false,,556,496,1,1,http://159.89.38.11/login/submit,570,0,272
1686197516945,303,http://159.89.38.11/login/submit,419,unknown status,Thread Group 1-1,text,false,,556,496,1,1,http://159.89.38.11/login/submit,303,0,0
1686197528944,305,http://159.89.38.11/login/submit,419,unknown status,Thread Group 1-1,text,false,,560,496,1,1,http://159.89.38.11/login/submit,304,0,0
1686197540944,303,http://159.89.38.11/login/submit,419,unknown status,Thread Group 1-1,text,false,,554,496,1,1,http://159.89.38.11/login/submit,303,0,0
1686197552944,307,http://159.89.38.11/login/submit,419,unknown status,Thread Group 1-1,text,false,,552,496,1,1,http://159.89.38.11/login/submit,307,0,0
1686197564945,532,http://159.89.38.11/login/submit,419,unknown status,Thread Group 1-1,text,false,,554,496,1,1,http://159.89.38.11/login/submit,532,0,254
1686197576943,283,http://159.89.38.11/login/submit,419,unknown status,Thread Group 1-1,text,false,,552,496,1,1,http://159.89.38.11/login/submit,283,0,0
1686197588945,293,http://159.89.38.11/login/submit,419,unknown status,Thread Group 1-1,text,false,,558,496,1,1,http://159.89.38.11/login/submit,293,0,0
1686197600942,281,http://159.89.38.11/login/submit,419,unknown status,Thread Group 1-1,text,false,,556,496,1,1,http://159.89.38.11/login/submit,281,0,0
1686197612943,286,http://159.89.38.11/login/submit,419,unknown status,Thread Group 1-1,text,false,,554,496,1,1,http://159.89.38.11/login/submit,286,0,0
1686197624944,543,http://159.89.38.11/login/submit,419,unknown status,Thread Group 1-1,text,false,,552,496,1,1,http://159.89.38.11/login/submit,543,0,260
1686197636943,298,http://159.89.38.11/login/submit,419,unknown status,Thread Group 1-1,text,false,,554,496,1,1,http://159.89.38.11/login/submit,298,0,0
1686197648944,285,http://159.89.38.11/login/submit,419,unknown status,Thread Group 1-1,text,false,,556,496,1,1,http://159.89.38.11/login/submit,285,0,0
1686197660943,284,http://159.89.38.11/login/submit,419,unknown status,Thread Group 1-1,text,false,,556,496,1,1,http://159.89.38.11/login/submit,284,0,0
1686197672944,279,http://159.89.38.11/login/submit,419,unknown status,Thread Group 1-1,text,false,,556,496,1,1,http://159.89.38.11/login/submit,279,0,0
1686197684943,290,http://159.89.38.11/login/submit,419,unknown status,Thread Group 1-1,text,false,,556,496,1,1,http://159.89.38.11/login/submit,290,0,0
1686197696945,562,http://159.89.38.11/login/submit,419,unknown status,Thread Group 1-1,text,false,,556,496,1,1,http://159.89.38.11/login/submit,562,0,270
1686197708944,293,http://159.89.38.11/login/submit,419,unknown status,Thread Group 1-1,text,false,,554,496,1,1,http://159.89.38.11/login/submit,293,0,0
1686197720944,313,http://159.89.38.11/login/submit,419,unknown status,Thread Group 1-1,text,false,,556,496,1,1,http://159.89.38.11/login/submit,313,0,0
1686197732944,295,http://159.89.38.11/login/submit,419,unknown status,Thread Group 1-1,text,false,,556,496,1,1,http://159.89.38.11/login/submit,294,0,0
1686197744945,298,http://159.89.38.11/login/submit,419,unknown status,Thread Group 1-1,text,false,,554,496,1,1,http://159.89.38.11/login/submit,298,0,0
1686197756943,294,http://159.89.38.11/login/submit,419,unknown status,Thread Group 1-1,text,false,,556,496,1,1,http://159.89.38.11/login/submit,294,0,0
1686197768945,530,http://159.89.38.11/login/submit,419,unknown status,Thread Group 1-1,text,false,,554,496,1,1,http://159.89.38.11/login/submit,530,0,253
1686197780943,281,http://159.89.38.11/login/submit,419,unknown status,Thread Group 1-1,text,false,,556,496,1,1,http://159.89.38.11/login/submit,281,0,0
1686197792943,276,http://159.89.38.11/login/submit,419,unknown status,Thread Group 1-1,text,false,,554,496,1,1,http://159.89.38.11/login/submit,276,0,0
1686197804943,281,http://159.89.38.11/login/submit,419,unknown status,Thread Group 1-1,text,false,,560,496,1,1,http://159.89.38.11/login/submit,281,0,0
1686197816944,280,http://159.89.38.11/login/submit,419,unknown status,Thread Group 1-1,text,false,,552,496,1,1,http://159.89.38.11/login/submit,280,0,0
1686197828943,294,http://159.89.38.11/login/submit,419,unknown status,Thread Group 1-1,text,false,,556,496,1,1,http://159.89.38.11/login/submit,294,0,0
1686197840943,531,http://159.89.38.11/login/submit,419,unknown status,Thread Group 1-1,text,false,,556,496,1,1,http://159.89.38.11/login/submit,531,0,255
1686197852943,289,http://159.89.38.11/login/submit,419,unknown status,Thread Group 1-1,text,false,,560,496,1,1,http://159.89.38.11/login/submit,289,0,0
1686197864948,284,http://159.89.38.11/login/submit,419,unknown status,Thread Group 1-1,text,false,,556,496,1,1,http://159.89.38.11/login/submit,284,0,0
1686197876944,281,http://159.89.38.11/login/submit,419,unknown status,Thread Group 1-1,text,false,,556,496,1,1,http://159.89.38.11/login/submit,281,0,0
1686197888944,282,http://159.89.38.11/login/submit,419,unknown status,Thread Group 1-1,text,false,,554,496,1,1,http://159.89.38.11/login/submit,282,0,0
1686197900943,281,http://159.89.38.11/login/submit,419,unknown status,Thread Group 1-1,text,false,,554,496,1,1,http://159.89.38.11/login/submit,281,0,0
1686197912942,544,http://159.89.38.11/login/submit,419,unknown status,Thread Group 1-1,text,false,,554,496,1,1,http://159.89.38.11/login/submit,544,0,262
1686197924943,289,http://159.89.38.11/login/submit,419,unknown status,Thread Group 1-1,text,false,,556,496,1,1,http://159.89.38.11/login/submit,289,0,0
1686197936945,287,http://159.89.38.11/login/submit,419,unknown status,Thread Group 1-1,text,false,,556,496,1,1,http://159.89.38.11/login/submit,287,0,0
1686197948944,290,http://159.89.38.11/login/submit,419,unknown status,Thread Group 1-1,text,false,,554,496,1,1,http://159.89.38.11/login/submit,290,0,0
1686197960943,298,http://159.89.38.11/login/submit,419,unknown status,Thread Group 1-1,text,false,,552,496,1,1,http://159.89.38.11/login/submit,298,0,0
1686197972944,581,http://159.89.38.11/login/submit,419,unknown status,Thread Group 1-1,text,false,,552,496,1,1,http://159.89.38.11/login/submit,581,0,279
1686197984944,306,http://159.89.38.11/login/submit,419,unknown status,Thread Group 1-1,text,false,,552,496,1,1,http://159.89.38.11/login/submit,306,0,0
1686197996943,304,http://159.89.38.11/login/submit,419,unknown status,Thread Group 1-1,text,false,,560,496,1,1,http://159.89.38.11/login/submit,303,0,0
1686198008945,313,http://159.89.38.11/login/submit,419,unknown status,Thread Group 1-1,text,false,,554,496,1,1,http://159.89.38.11/login/submit,313,0,0
1686198020945,309,http://159.89.38.11/login/submit,419,unknown status,Thread Group 1-1,text,false,,554,496,1,1,http://159.89.38.11/login/submit,309,0,0
1686198032944,300,http://159.89.38.11/login/submit,419,unknown status,Thread Group 1-1,text,false,,554,496,1,1,http://159.89.38.11/login/submit,300,0,0
1686198044944,586,http://159.89.38.11/login/submit,419,unknown status,Thread Group 1-1,text,false,,556,496,1,1,http://159.89.38.11/login/submit,586,0,281
1686198056944,305,http://159.89.38.11/login/submit,419,unknown status,Thread Group 1-1,text,false,,554,496,1,1,http://159.89.38.11/login/submit,305,0,0
1686198068944,310,http://159.89.38.11/login/submit,419,unknown status,Thread Group 1-1,text,false,,556,496,1,1,http://159.89.38.11/login/submit,310,0,0
1686198080943,310,http://159.89.38.11/login/submit,419,unknown status,Thread Group 1-1,text,false,,556,496,1,1,http://159.89.38.11/login/submit,310,0,0
1686198092942,309,http://159.89.38.11/login/submit,419,unknown status,Thread Group 1-1,text,false,,558,496,1,1,http://159.89.38.11/login/submit,309,0,0
1686198104945,598,http://159.89.38.11/login/submit,419,unknown status,Thread Group 1-1,text,false,,560,496,1,1,http://159.89.38.11/login/submit,597,0,286
1686198116943,314,http://159.89.38.11/login/submit,419,unknown status,Thread Group 1-1,text,false,,554,496,1,1,http://159.89.38.11/login/submit,314,0,0
1686198128943,317,http://159.89.38.11/login/submit,419,unknown status,Thread Group 1-1,text,false,,552,496,1,1,http://159.89.38.11/login/submit,317,0,0
1686198140943,313,http://159.89.38.11/login/submit,419,unknown status,Thread Group 1-1,text,false,,552,496,1,1,http://159.89.38.11/login/submit,313,0,0
1686198152944,317,http://159.89.38.11/login/submit,419,unknown status,Thread Group 1-1,text,false,,554,496,1,1,http://159.89.38.11/login/submit,317,0,0
1686198164944,312,http://159.89.38.11/login/submit,419,unknown status,Thread Group 1-1,text,false,,554,496,1,1,http://159.89.38.11/login/submit,312,0,0
1686198176944,568,http://159.89.38.11/login/submit,419,unknown status,Thread Group 1-1,text,false,,556,496,1,1,http://159.89.38.11/login/submit,568,0,270
1686198188944,306,http://159.89.38.11/login/submit,419,unknown status,Thread Group 1-1,text,false,,554,496,1,1,http://159.89.38.11/login/submit,306,0,0
1686198200944,300,http://159.89.38.11/login/submit,419,unknown status,Thread Group 1-1,text,false,,560,496,1,1,http://159.89.38.11/login/submit,300,0,0
1686198212942,301,http://159.89.38.11/login/submit,419,unknown status,Thread Group 1-1,text,false,,556,496,1,1,http://159.89.38.11/login/submit,301,0,0
1686198224943,301,http://159.89.38.11/login/submit,419,unknown status,Thread Group 1-1,text,false,,556,496,1,1,http://159.89.38.11/login/submit,301,0,0
1686198236943,299,http://159.89.38.11/login/submit,419,unknown status,Thread Group 1-1,text,false,,560,496,1,1,http://159.89.38.11/login/submit,298,0,0
1686198248943,575,http://159.89.38.11/login/submit,419,unknown status,Thread Group 1-1,text,false,,556,496,1,1,http://159.89.38.11/login/submit,575,0,270
1686198260944,291,http://159.89.38.11/login/submit,419,unknown status,Thread Group 1-1,text,false,,554,496,1,1,http://159.89.38.11/login/submit,291,0,0
1686198272942,299,http://159.89.38.11/login/submit,419,unknown status,Thread Group 1-1,text,false,,554,496,1,1,http://159.89.38.11/login/submit,298,0,0
1686198284944,291,http://159.89.38.11/login/submit,419,unknown status,Thread Group 1-1,text,false,,554,496,1,1,http://159.89.38.11/login/submit,291,0,0
1686198296944,294,http://159.89.38.11/login/submit,419,unknown status,Thread Group 1-1,text,false,,556,496,1,1,http://159.89.38.11/login/submit,294,0,0
1686198308944,312,http://159.89.38.11/login/submit,419,unknown status,Thread Group 1-1,text,false,,554,496,1,1,http://159.89.38.11/login/submit,312,0,0
1686198320943,562,http://159.89.38.11/login/submit,419,unknown status,Thread Group 1-1,text,false,,552,496,1,1,http://159.89.38.11/login/submit,562,0,266
1686198332943,293,http://159.89.38.11/login/submit,419,unknown status,Thread Group 1-1,text,false,,554,496,1,1,http://159.89.38.11/login/submit,293,0,0
1686198344944,310,http://159.89.38.11/login/submit,419,unknown status,Thread Group 1-1,text,false,,552,496,1,1,http://159.89.38.11/login/submit,310,0,0
1686198356944,304,http://159.89.38.11/login/submit,419,unknown status,Thread Group 1-1,text,false,,554,496,1,1,http://159.89.38.11/login/submit,303,0,0
